frame,Rg
0001,14.321195
0002,14.769597
0003,15.787725
0004,14.849012
0005,15.622703
0006,15.525562
0007,15.155407
0008,14.536287
0009,15.278188
0010,15.0747175
0011,15.400985
0012,15.049143
0013,15.187203
0014,14.908364
0015,14.690264
0016,15.454762
0017,15.554927
0018,15.528165
0019,15.739933
0020,15.556025
